NUM,TITLE
1,On chain summer
2,Your first NFT
3,CryptoPunks
4,SimCity
5,Outer Space
6,Super Mario
7,Retro Sunset
8,Whales
9,Pixelmon Kevin
10,DUNE
11,MacPaint
12,Banksy
13,Diablo
14,Post Apocalypse
15,Trip
16,LoFi
17,CryptoWinter
18,Dungeons
19,Windows 95
20,Dreams
21,CyberPunk
22,xcopy
23,Miyazaki
24,Pepe
25,Pokemon: Red v Blue
26,Autumn
27,Conspiracy
28,Animal Crossing
29,Daft Punk
30,Anime Classics
31,Ancient Egypt
32,Maze
33,Starry Night
34,Queen
35,Underwater Atlantis
36,Warhol
37,Rick & Morty
38,Bestiary
39,Jack Butcher
40,Runescape
41,Moroccan Zellij
42,Hitchhiker's Guide to the‚Ä¶
43,Norse Mythology
44,Lens Garden
45,infinite neon sadness
46,Yellow Submarine
47,Ice Cream Party
48,Comic Book Day (Sep 25)
49,Tokyo
50,Cats
51,Final Fantasy
52,Dogs
53,@songadaymann
54,Candy Land
55,Star Wars
56,Quentin Tarantino
57,Coca-cola
58,PartyDAO Launch Party
59,Vitalik
60,Elon Musk
61,beeple
62,Rainbows and Unicorns
63,PRINCE (PURPLE RAIN)
64,The Lord of the Rings
65,The Matrix
66,Alice in Wonderland
67,Astronomy
68,Atari
69,Beach
70,Dinosaurs
71,Coffee
72,Mystical forest
73,Harry Potter
74,Platformer
75,Martian Base
76,Chess
77,Ancient Rome
78,Blitkin Lab Report
79,Halloween
80,Cherry Blossom in October
81,Pizza Party
82,Supercollider
83,Halloween: 2-Bit Spirits
84,üßü‚Äç‚ôÄÔ∏è Zombie Apocalypse ÔøΩ‚Ä¶
85,üê≥ Base Whale
86,US Federal Reserve
87,Casino
88,View from the Dunes
89,1986 Chernobyl Nuclear Me‚Ä¶
90,Cityscape Sunset
91,Amazon Jungle
92,Neo-Noir Nightscape
93,Tales of Reynard
94,Dinosaur Laser Borscht
95,=<100 pixels art only.
96,Leonardo da Vinci
97,Microscopic Life
98,Noun #913
99,Noun #914
100,Nouns #915
101,Nocturnal Critters
102,Bottom of the Ocean
103,Periodic Table Of The Ele‚Ä¶
104,üëÅÔ∏è eyes üëÅÔ∏è
105,üåπ Rose Garden üåπ
106,Artificial Intelligence
107,Polar Expedition
108,Cosmic Romance
109,Castle in the Clouds
110,Greek Mythology
111,Arcade
112,üåù Sleepy Time üí§
113,Gold Rush
114,Amphibians
115,Nuclear Testing
116,Steam Punk Soir√©e
117,Kawaii „Åã„Çè„ÅÑ„ÅÑ
118,Money
119,Vaporwave Aesthetic
120,Shadows
121,Ninjas
122,Overgrown Ruin
123,Grape Battle: Purple v Gr‚Ä¶
124,Museum of Illusion
125,Monkey Business
126,Cyber Twilight
127,Cavemen
128,Orcs! Orcs! Orcs!
129,Hackers
130,Aliens
131,Fire & Flames
132,Christmas üéÑ üéÖ ü§∂
133,Treasure Map
134,Witchcraft and Wizardry
135,Mirrors
136,Pandas
137,Toy Robots
138,Strawberry Fields Forever
139,Merry Paint‚Äômas
140,Skeleton Crew
141,Oh Canada
142,Glitch Art
143,Math
144,Howl at the Moon
145,2023 Year in Review
146,Steamboat Willie
147,Slime Time
148,Australian Outback ü¶ò
149,Glow-in-the-Dark
150,Camping trip ‚õ∫
151,High Desert üèúÔ∏è
152,Sketchbook
153,Fungi
154,Snowy Woods
155,Quadratic Lands
156,Happy BTC ETF day
157,Ice Fishing
158,Underworld
159,"Saddle Up, Partner! Yee-h‚Ä¶"
160,The Volcano
161,Napoleon
162,Infinitely Based Yellow N‚Ä¶
163,Sushi
164,Moon landing
165,A Parliament of Owls
166,Hawaii
167,I Like Turtles
168,Skateboarding üõπ
169,Degen
170,Swamp Things
171,Pinball
172,BasePaint BBQ
173,Yacht Life
174,Fast Food
175,Origami
176,Bugs
177,Marine Mammals
178,Year of the Dragon üêâ
179,Bodybuilding
180,Chocolate
181,Reptile Prom
182,Electricity
183,Samurai
184,Archaeology
185,Inside the Human Body
186,Yoga
187,Manga
188,Racetrack
189,Dinosaur Lake Party
190,Vegetable Battle
191,Tea üçµ
192,Circus üé™
193,The Emerald City
194,Bullish üí∏
195,Pirates
196,African Safari ü¶íüêò
197,gm gm
198,Ghost Planet
199,Military Aviation
200,PFP Class Photos
201,Stained Glass Window
202,Emojis
203,Crustacean Nation ü¶ûü¶êü¶Ä
204,Hot Spring (Ê∏©Ê≥â)
205,The Base Hunting Party
206,Graffiti Wall
207,WARNING: HIGHLY EXPLOSIVE
208,DUNE TWO
209,Planet Earth
210,Diamond Heist
211,Based Builders Building D‚Ä¶
212,Wood Trolls
213,In Memory of Akira Toriya‚Ä¶
214,Hot Air Balloons
215,Little Green Army Men
216,Life Before Internet
217,The Tunnel
218,4844: The Dencun Upgrade
219,Goats üêê Being GOATs üëë
220,Island Life üèùÔ∏è
221,Garden Gnomes Misbehavin'
222,Candy Store üç≠üç¨
223,Constellations
224,Office nightmares
225,7 Deadly Sins: Lu$t
226,7 Deadly Sins: Envy
227,7 Deadly Sins: Pride
228,7 Deadly Sins: Sloth
229,7 Deadly Sins: Wrath
230,Superchain
231,7 Deadly Sins: Gluttony
232,7 Deadly Sins: Greed
233,The Bear Necessities
234,Easter Egg Hunt
235,Vampires!
236,History of Computers
237,Beer!
238,Cityscapes: Paris
239,Battle of the Memes: Dogs‚Ä¶
240,Nocturnal Cityscape
241,Persian carpets
242,Dragon's Lair
243,Junkyard Treasure
244,Solar Eclipse 2024
245,Zion National Park
246,LFGotchi: Aavegotchis on ‚Ä¶
247,NFT Graveyard
248,Abominations
249,Self Portraits
250,Cheese Factory
251,Abstract Art
252,Wood Shop
253,Murder Mystery Cafe
254,Zen Garden
255,The Bitcoin Halving
256,7 Wonders of the World: P‚Ä¶
257,Winemaking
258,Steampunk Caf√©
259,Glacier National Park
260,"Higher, Together"
261,Minimalism
262,Dollhouse
263,The Afterlife
264,Sunflower City
265,Ancient Cave Paintings
266,Cyber Jungle
267,Hearts
268,1970s
269,Absinthe: Chase the Green‚Ä¶
270,Leather Goods
271,Watercolor
272,Necromancer
273,Pottery Class
274,90s Aesthetic
275,Sidewalk Chalk
276,Spoderman & His Bootleg F‚Ä¶
277,1980s
278,Futuristic Fashion Show
279,Laser Tag
280,Heatwave
281,Robot Factory
282,Cows
283,Plants
284,Great Barrier Reef
285,Post-Apocalyptic Death Ra‚Ä¶
286,Elves vs Goblins
287,Tree Fort
288,Sculpture
289,Solar Storm
290,In Memory of Kabosu
291,Happy ETH ETF Day
292,Food Truck Fiesta
293,Sci-Fi
294,Aztec Empire
295,"Cowabunga, Dude!"
296,Hieroglyphs
297,Summer Garden
298,Small Brush Showoff I
299,7 Wonders: Hanging Gardens
300,BasePaintCon 2024
301,Coding Catastrophe
302,Speedtracer Raceway
303,Drive-In Theatre
304,Cryogenic Chamber
305,Classic Car Show
306,Voodoo
307,Where's Pepe?
308,Noah's Ark
309,Woodstock '69
310,Cityscapes: New York City
311,Monument Valley
312,Red Light District
313,Old Maps
314,Meme Picnic
315,Greetings from Onchain Su‚Ä¶
316,Portal
317,Pepe goes on Vacation
318,What is hatching out thes‚Ä¶
319,24-Karat Canvas
320,Rainy City Night
321,CHOOSE YOUR FIGHTER
322,Kami (Á•û)
323,Dollar Store Mint
324,Mutants
325,Alphabets Of The World
326,Arabian Nights
327,Cupcakes vs Muffins
328,Mermaids
329,Sybil Attack
330,When life gives you lemon‚Ä¶
331,Beehive
332,Fireworks
333,Trinity
334,Spelunking
335,The Garden of Eden
336,The Adventures of Cammy &‚Ä¶
337,Cityscapes: Brussels
338,The worms have built a ma‚Ä¶
339,Pi√±ata
340,Courtroom Drama
341,UEFA Euro 2024 Final
342,Magic Show
343,Land meets Ocean
344,Deva in Southeast Asia
345,Farewell to Squiggles
346,Inside Jupiter's Great Re‚Ä¶
347,Emperor Qin's Terracotta ‚Ä¶
348,Renaissance Faire
349,Avocados
350,Taco Tuesday
351,Social Summer Sand Castle‚Ä¶
352,Sleepaway Camp
353,Ethereum ETF is live!
354,Lillypad Hoppin‚Äô
355,Film Noir
356,Bubblegum
357,Asteroid Day
358,High Fashion
359,Imaginary Friends
360,Paris 2024 Olympic Games
361,Roller Rink
362,Sahara desert
363,Mariana Trench
364,Wanted posters
365,BasePaint Birthday Cake
366,On chain summer 2
367,Birds Aren't Real
368,PepeFest
369,Bullfight
370,BasePaint Overworld Map
371,Break dance
372,The life of nomads
373,Witch's Hut
374,Plato's Cave
375,Bakery
376,Control Panel
377,Blues Music
378,Astronauts' Moon Walk
379,Summer Lantern FestivalüéÜ
380,Platformer HD
381,Cardboard City
382,Stamp Collection
383,99 Bottles of Beer on the‚Ä¶
384,Comedy Club
385,Bankless Buck
386,Terrarium
387,The 1st Industrial Revolu‚Ä¶
388,Pompeii 79CE Mt Vesuvius
389,kiss my lips
390,Silk Screen
391,Japanese Irezumi Tattoo
392,Dystopia Mecha
393,Adventures of Don Quixote
394,Vikings!
395,Night Carnival
396,Dada Collage
397,Ice Palace
398,Rodeo!
399,Macaroni Art Masterpiece
400,Night at the BasePaint Mu‚Ä¶
401,Rats! Rats! Rats!
402,Cats! Cats! Cats!
403,Victor Frankenstein's Lab‚Ä¶
404,404 Error
405,Brain surgery
406,Daguerreotype
407,Brutalist Architecture
408,Newspaper
409,Pinkyblu
410,50s Sci-Fi Movie Posters
411,Neon Alley
412,The Wasteland
413,Space Race
414,Blueprints
415,PAINTCRAFT
416,Roswell: Area 51
417,Extra Spicy!
418,Punk Rock Zombies
419,Retro Moshi Camera
420,Reefer Madness
421,"Fallen Leaves, Silent Pat‚Ä¶"
422,Robin Hood
423,Junk Drawer
424,Mushroom Forest
425,Cenote Angelita
426,Haunted House
427,Toxic Dump ‚ò¢Ô∏è
428,The Snake
429,Kawaii HD
430,Retro Futurism
431,The Million Dollar Homepa‚Ä¶
432,Heavy Equipment
433,"Olivia‚Äôs Grove, Page 1"
434,"Olivia‚Äôs Grove, Page 2"
435,"Olivia‚Äôs Grove, Page 3"
436,"Olivia‚Äôs Grove, Page 4"
437,"Olivia's Grove, Page 5"
438,Bigfoot Sightings
439,El Chupacabra for Preside‚Ä¶
440,Oops! All Dithering
441,Bionic chicken battle
442,Castle Ethereum
443,The Worst Canvas So Far
444,Mini Golf!
445,The Land of Milk and Honey
446,Hawking's Time Traveller ‚Ä¶
447,Retro Anime
448,Tibetan Sand Mandala
449,#Inktober2024
450,Halloween 3 - Season of t‚Ä¶
451,Ghostly Forest
452,Aztec Ruins
453,Peanut the Squirrel
454,Leaf Collection
455,Pastel Landscape
456,Spot the Difference
457,Resource Allocation In th‚Ä¶
458,80s Dance Aerobics
459,Lizardpeople Reveal Party
460,War of the Roses
461,Trading Cards
462,Amber Fossils
463,Moloch on Mushrooms
464,Zero Gravity Taco Party
465,Mount Rushmore BP Edition
466,Circuit Board
467,Television Test Card Chaos
468,DO NOT EAT
469,Karma Police
470,Primitivism
471,BasePaint Arcade
472,Koi Fish Pond
473,El Dorado: The City of Go‚Ä¶
474,Moon Garden
475,Elephant in the Room
476,Charcuterie Board
477,Tarot
478,Memecoin Stamp Collection
479,Undead Army
480,Camouflage
481,üåù Sleepy Time HD üí§
482,Gingerbread Kingdom
483,Peppermint Forest
484,Hide and Seek
485,Build-A-Chonk
486,"$100,000"
487,Rap Battle
488,Chinese Blue & White Porc‚Ä¶
489,Somethings Growing in the‚Ä¶
490,Santa's Village (as a JRP‚Ä¶
491,Hot Dog Cart
492,Night Vision
